[{
  "Name": "perl",
  "Theme": "Zmrok-like",
  "Flags": 1,
  "Id": 6,
  "KeyWords0": "NULL __FILE__ __LINE__ __PACKAGE__ __DATA__ __END__ AUTOLOAD BEGIN CORE DESTROY END EQ GE GT INIT LE LT NE         \t\t\tCHECK abs accept alarm and atan2 bind binmode bless caller chdir chmod chomp chop chown chr chroot close closedir \t\t\tcmp connect continue cos crypt dbmclose dbmopen defined delete die do dump each else elsif endgrent endhostent         \t\t\tendnetent endprotoent endpwent endservent eof eq eval exec exists exit exp fcntl fileno flock for foreach fork format         \t\t\tformline ge getc getgrent getgrgid getgrnam gethostbyaddr gethostbyname gethostent getlogin getnetbyaddr getnetbyname         \t\t\tgetnetent getpeername getpgrp getppid getpriority getprotobyname getprotobynumber getprotoent getpwent getpwnam getpwuid         \t\t\tgetservbyname getservbyport getservent getsockname getsockopt glob gmtime goto grep gt hex if index int ioctl join keys         \t\t\tkill last lc lcfirst le length link listen local localtime lock log lstat lt map mkdir msgctl msgget msgrcv msgsnd my ne         \t\t\tnext no not oct open opendir or ord our pack package pipe pop pos print printf prototype push quotemeta qu rand read readdir         \t\t\treadline readlink readpipe recv redo ref rename require reset return reverse rewinddir rindex rmdir scalar seek seekdir         \t\t\tselect semctl semget semop send setgrent sethostent setnetent setpgrp setpriority setprotoent setpwent setservent setsockopt         \t\t\tshift shmctl shmget shmread shmwrite shutdown sin sleep socket socketpair sort splice split sprintf sqrt srand system         \t\t\tsyswrite tell telldir tie tied time times truncate uc ucfirst umask undef unless unlink unpack unshift untie until use        \t\t\tutime values vec wait waitpid wantarray warn while write xor \t\t\t",
  "KeyWords1": "",
  "KeyWords2": "",
  "KeyWords3": "",
  "KeyWords4": "",
  "Extensions": "*.pl;*.pm",
  "Properties": [{
    "Id": -4,
    "Name": "Whitespace",
    "Flags": 0,
    "Alpha": 50,
    "Face": "",
    "Colour": "#2B2B2B",
    "BgColour": "#141414",
    "Size": 12
   }, {
    "Id": -3,
    "Name": "Caret Colour",
    "Flags": 0,
    "Alpha": 50,
    "Face": "",
    "Colour": "#FFFFFF",
    "BgColour": "#141414",
    "Size": 12
   }, {
    "Id": -2,
    "Name": "Text Selection",
    "Flags": 0,
    "Alpha": 50,
    "Face": "",
    "Colour": "#FFFFFF",
    "BgColour": "#404040",
    "Size": 12
   }, {
    "Id": -1,
    "Name": "Fold Margin",
    "Flags": 0,
    "Alpha": 50,
    "Face": "",
    "Colour": "#2B2B2B",
    "BgColour": "#2B2B2B",
    "Size": 12
   }, {
    "Id": 0,
    "Name": "Default",
    "Flags": 0,
    "Alpha": 50,
    "Face": "",
    "Colour": "#434343",
    "BgColour": "#141414",
    "Size": 12
   }, {
    "Id": 1,
    "Name": "Perl Error",
    "Flags": 0,
    "Alpha": 50,
    "Face": "",
    "Colour": "#FF0000",
    "BgColour": "#141414",
    "Size": 12
   }, {
    "Id": 2,
    "Name": "Comment",
    "Flags": 0,
    "Alpha": 50,
    "Face": "",
    "Colour": "#00FF00",
    "BgColour": "#141414",
    "Size": 12
   }, {
    "Id": 3,
    "Name": "POD",
    "Flags": 0,
    "Alpha": 50,
    "Face": "",
    "Colour": "#FF8000",
    "BgColour": "#141414",
    "Size": 12
   }, {
    "Id": 4,
    "Name": "Number",
    "Flags": 0,
    "Alpha": 50,
    "Face": "",
    "Colour": "#FF00FF",
    "BgColour": "#141414",
    "Size": 12
   }, {
    "Id": 5,
    "Name": "Keyword",
    "Flags": 0,
    "Alpha": 50,
    "Face": "",
    "Colour": "#0080FF",
    "BgColour": "#141414",
    "Size": 12
   }, {
    "Id": 6,
    "Name": "String",
    "Flags": 0,
    "Alpha": 50,
    "Face": "",
    "Colour": "#FF8000",
    "BgColour": "#141414",
    "Size": 12
   }, {
    "Id": 7,
    "Name": "Char",
    "Flags": 0,
    "Alpha": 50,
    "Face": "",
    "Colour": "#FF8040",
    "BgColour": "#141414",
    "Size": 12
   }, {
    "Id": 8,
    "Name": "Punctuation",
    "Flags": 0,
    "Alpha": 50,
    "Face": "",
    "Colour": "#808080",
    "BgColour": "#141414",
    "Size": 12
   }, {
    "Id": 9,
    "Name": "Preprocessor",
    "Flags": 0,
    "Alpha": 50,
    "Face": "",
    "Colour": "#804040",
    "BgColour": "#141414",
    "Size": 12
   }, {
    "Id": 10,
    "Name": "Operator",
    "Flags": 0,
    "Alpha": 50,
    "Face": "",
    "Colour": "#808080",
    "BgColour": "#141414",
    "Size": 12
   }, {
    "Id": 11,
    "Name": "Idientifier",
    "Flags": 0,
    "Alpha": 50,
    "Face": "",
    "Colour": "#C0C0C0",
    "BgColour": "#141414",
    "Size": 12
   }, {
    "Id": 12,
    "Name": "Scalar",
    "Flags": 0,
    "Alpha": 50,
    "Face": "",
    "Colour": "#C0C0C0",
    "BgColour": "#141414",
    "Size": 12
   }, {
    "Id": 13,
    "Name": "Array",
    "Flags": 0,
    "Alpha": 50,
    "Face": "",
    "Colour": "#C0C0C0",
    "BgColour": "#141414",
    "Size": 12
   }, {
    "Id": 14,
    "Name": "Hash",
    "Flags": 0,
    "Alpha": 50,
    "Face": "",
    "Colour": "#C0C0C0",
    "BgColour": "#141414",
    "Size": 12
   }, {
    "Id": 15,
    "Name": "SymbolTable",
    "Flags": 0,
    "Alpha": 50,
    "Face": "",
    "Colour": "#800080",
    "BgColour": "#141414",
    "Size": 12
   }, {
    "Id": 16,
    "Name": "VariableIndexer",
    "Flags": 0,
    "Alpha": 50,
    "Face": "",
    "Colour": "#FF00FF",
    "BgColour": "#141414",
    "Size": 12
   }, {
    "Id": 17,
    "Name": "Regex",
    "Flags": 0,
    "Alpha": 50,
    "Face": "",
    "Colour": "#8000FF",
    "BgColour": "#141414",
    "Size": 12
   }, {
    "Id": 18,
    "Name": "RegSubst",
    "Flags": 0,
    "Alpha": 50,
    "Face": "",
    "Colour": "#800080",
    "BgColour": "#141414",
    "Size": 12
   }, {
    "Id": 19,
    "Name": "LongQuote",
    "Flags": 0,
    "Alpha": 50,
    "Face": "",
    "Colour": "#FF8000",
    "BgColour": "#141414",
    "Size": 12
   }, {
    "Id": 20,
    "Name": "BackTicks",
    "Flags": 0,
    "Alpha": 50,
    "Face": "",
    "Colour": "#808000",
    "BgColour": "#141414",
    "Size": 12
   }, {
    "Id": 21,
    "Name": "DataSection",
    "Flags": 0,
    "Alpha": 50,
    "Face": "",
    "Colour": "#8080FF",
    "BgColour": "#141414",
    "Size": 12
   }, {
    "Id": 22,
    "Name": "HereDelim",
    "Flags": 0,
    "Alpha": 50,
    "Face": "",
    "Colour": "#FF8040",
    "BgColour": "#141414",
    "Size": 12
   }, {
    "Id": 23,
    "Name": "HereQ",
    "Flags": 0,
    "Alpha": 50,
    "Face": "",
    "Colour": "#FF8000",
    "BgColour": "#141414",
    "Size": 12
   }, {
    "Id": 24,
    "Name": "HereQQ",
    "Flags": 0,
    "Alpha": 50,
    "Face": "",
    "Colour": "#FF8000",
    "BgColour": "#141414",
    "Size": 12
   }, {
    "Id": 25,
    "Name": "HereQX",
    "Flags": 0,
    "Alpha": 50,
    "Face": "",
    "Colour": "#FF8000",
    "BgColour": "#141414",
    "Size": 12
   }, {
    "Id": 26,
    "Name": "StringQ",
    "Flags": 0,
    "Alpha": 50,
    "Face": "",
    "Colour": "#FF8000",
    "BgColour": "#141414",
    "Size": 12
   }, {
    "Id": 27,
    "Name": "StringQQ",
    "Flags": 0,
    "Alpha": 50,
    "Face": "",
    "Colour": "#FF8000",
    "BgColour": "#141414",
    "Size": 12
   }, {
    "Id": 28,
    "Name": "StringQX",
    "Flags": 0,
    "Alpha": 50,
    "Face": "",
    "Colour": "#FF8000",
    "BgColour": "#141414",
    "Size": 12
   }, {
    "Id": 29,
    "Name": "StringQR",
    "Flags": 0,
    "Alpha": 50,
    "Face": "",
    "Colour": "#FF8000",
    "BgColour": "#141414",
    "Size": 12
   }, {
    "Id": 30,
    "Name": "StringQW",
    "Flags": 0,
    "Alpha": 50,
    "Face": "",
    "Colour": "#FF8000",
    "BgColour": "#141414",
    "Size": 12
   }, {
    "Id": 31,
    "Name": "PODVerb",
    "Flags": 0,
    "Alpha": 50,
    "Face": "",
    "Colour": "#800080",
    "BgColour": "#141414",
    "Size": 12
   }, {
    "Id": 33,
    "Name": "Line Numbers",
    "Flags": 0,
    "Alpha": 50,
    "Face": "",
    "Colour": "#434343",
    "BgColour": "#141414",
    "Size": 12
   }, {
    "Id": 34,
    "Name": "Brace match",
    "Flags": 0,
    "Alpha": 50,
    "Face": "",
    "Colour": "#FFFF00",
    "BgColour": "#141414",
    "Size": 12
   }, {
    "Id": 35,
    "Name": "Brace bad match",
    "Flags": 0,
    "Alpha": 50,
    "Face": "",
    "Colour": "red",
    "BgColour": "#141414",
    "Size": 12
   }, {
    "Id": 37,
    "Name": "Indent Guide",
    "Flags": 0,
    "Alpha": 50,
    "Face": "",
    "Colour": "#141414",
    "BgColour": "#141414",
    "Size": 12
   }]
 }]